date,month,pred_d,true_d,pred_m,true_m,pred_m_from_d
2024-01-01,1,689.3309833240093,656.9781469648561,689.2699419882123,679.2128125322065,689.3222471596083
2024-01-02,1,689.3176553562093,677.5253674121406,689.2699419882123,679.2128125322065,689.3222471596083
2024-01-03,1,689.3161797145302,686.121661341853,689.2699419882123,679.2128125322065,689.3222471596083
2024-01-04,1,689.3170815738617,680.2512460063897,689.2699419882123,679.2128125322065,689.3222471596083
2024-01-05,1,689.319898352071,688.2180191693291,689.2699419882123,679.2128125322065,689.3222471596083
2024-01-06,1,689.3229277714111,686.7504153354632,689.2699419882123,679.2128125322065,689.3222471596083
2024-01-07,1,689.3244075753244,675.5332907348243,689.2699419882123,679.2128125322065,689.3222471596083
2024-01-08,1,689.3233661065738,690.4194249201278,689.2699419882123,679.2128125322065,689.3222471596083
2024-01-09,1,689.3207859693382,684.5490095846645,689.2699419882123,679.2128125322065,689.3222471596083
2024-01-10,1,689.3190583274535,671.3405750798721,689.2699419882123,679.2128125322065,689.3222471596083
2024-01-11,1,689.3197562684485,672.2837060702875,689.2699419882123,679.2128125322065,689.3222471596083
2024-01-12,1,689.3223766086948,677.6304153354632,689.2699419882123,679.2128125322065,689.3222471596083
2024-01-13,1,689.3251834496257,665.784536741214,689.2699419882123,679.2128125322065,689.3222471596083
2024-01-14,1,689.3264179231769,656.1400638977635,689.2699419882123,679.2128125322065,689.3222471596083
2024-01-15,1,689.3251290587584,676.1628115015974,689.2699419882123,679.2128125322065,689.3222471596083
2024-01-16,1,689.3223089854122,686.0166134185303,689.2699419882123,679.2128125322065,689.3222471596083
2024-01-17,1,689.3203494933628,693.6690095846645,689.2699419882123,679.2128125322065,689.3222471596083
2024-01-18,1,689.3208048788456,683.1864536741214,689.2699419882123,679.2128125322065,689.3222471596083
2024-01-19,1,689.323153791141,690.4194249201278,689.2699419882123,679.2128125322065,689.3222471596083
2024-01-20,1,689.3256904791369,673.9614057507987,689.2699419882123,679.2128125322065,689.3222471596083
2024-01-21,1,689.326670131792,668.7197444089456,689.2699419882123,679.2128125322065,689.3222471596083
2024-01-22,1,689.3251577864212,676.2670926517571,689.2699419882123,679.2128125322065,689.3222471596083
2024-01-23,1,689.3221466550272,680.0411501597443,689.2699419882123,679.2128125322065,689.3222471596083
2024-01-24,1,689.3199839460548,683.6058785942491,689.2699419882123,679.2128125322065,689.3222471596083
2024-01-25,1,689.320170056739,682.7670287539936,689.2699419882123,679.2128125322065,689.3222471596083
2024-01-26,1,689.3221901040206,687.7985942492012,689.2699419882123,679.2128125322065,689.3222471596083
2024-01-27,1,689.3229740721482,689.6856230031948,689.2699419882123,679.2128125322065,689.3222471596083
2024-01-28,1,689.3251347246307,682.5569329073483,689.2699419882123,679.2128125322065,689.3222471596083
2024-01-29,1,689.3234458663567,682.8720766773163,689.2699419882123,679.2128125322065,689.3222471596083
2024-01-30,1,689.3202988229388,681.2994249201278,689.2699419882123,679.2128125322065,689.3222471596083
2024-01-31,1,689.3179747743424,667.0420447284345,689.2699419882123,679.2128125322065,689.3222471596083
2024-02-01,2,586.9953012236631,717.410607028754,586.95448302872,594.0450016525284,586.9789850720688
2024-02-02,2,586.99726952735,705.6697763578276,586.95448302872,594.0450016525284,586.9789850720688
2024-02-03,2,586.9931655015147,697.1210223642173,586.95448302872,594.0450016525284,586.9789850720688
2024-02-04,2,586.998227473106,681.8476677316295,586.95448302872,594.0450016525284,586.9789850720688
2024-02-05,2,586.9977213179029,670.4488178913739,586.95448302872,594.0450016525284,586.9789850720688
2024-02-06,2,586.9949663593234,655.403194888179,586.95448302872,594.0450016525284,586.9789850720688
2024-02-07,2,586.9928718059448,627.8192971246007,586.95448302872,594.0450016525284,586.9789850720688
2024-02-08,2,586.9925271240206,588.9507987220449,586.95448302872,594.0450016525284,586.9789850720688
2024-02-09,2,586.9922551021516,576.5267731629393,586.95448302872,594.0450016525284,586.9789850720688
2024-02-10,2,586.9881882513796,507.68127795527164,586.95448302872,594.0450016525284,586.9789850720688
2024-02-11,2,586.9887711494628,469.2690095846646,586.95448302872,594.0450016525284,586.9789850720688
2024-02-12,2,586.9886553752824,435.18747603833873,586.95448302872,594.0450016525284,586.9789850720688
2024-02-13,2,586.9882586555666,424.4733546325879,586.95448302872,594.0450016525284,586.9789850720688
2024-02-14,2,586.9871280960955,433.36408945686907,586.95448302872,594.0450016525284,586.9789850720688
2024-02-15,2,586.9859692553964,460.72025559105435,586.95448302872,594.0450016525284,586.9789850720688
2024-02-16,2,586.9842672589573,457.756677316294,586.95448302872,594.0450016525284,586.9789850720688
2024-02-17,2,586.9786792977424,455.02083067092656,586.95448302872,594.0450016525284,586.9789850720688
2024-02-18,2,586.9809064478712,490.1275399361023,586.95448302872,594.0450016525284,586.9789850720688
2024-02-19,2,586.9771382798968,507.56702875399367,586.95448302872,594.0450016525284,586.9789850720688
2024-02-20,2,586.9765373040832,568.8904792332269,586.95448302872,594.0450016525284,586.9789850720688
2024-02-21,2,586.9722631612063,608.8984025559106,586.95448302872,594.0450016525284,586.9789850720688
2024-02-22,2,586.9693086449229,685.9506709265177,586.95448302872,594.0450016525284,586.9789850720688
2024-02-23,2,586.9594445572412,714.7882428115017,586.95448302872,594.0450016525284,586.9789850720688
2024-02-24,2,586.9551023353097,698.9451757188499,586.95448302872,594.0450016525284,586.9789850720688
2024-02-25,2,586.9538317958037,662.8125239616614,586.95448302872,594.0450016525284,586.9789850720688
2024-02-26,2,586.9539199590911,664.2939297124601,586.95448302872,594.0450016525284,586.9789850720688
2024-02-27,2,586.9551484141043,688.686517571885,586.95448302872,594.0450016525284,586.9789850720688
2024-02-28,2,586.950924256022,703.959872204473,586.95448302872,594.0450016525284,586.9789850720688
2024-02-29,2,586.9418191595819,667.7137380191695,586.95448302872,594.0450016525284,586.9789850720688
2024-03-01,3,599.7451717917559,636.5727800829876,599.7649082946295,606.7587551867219,599.6924765218512
2024-03-02,3,599.7436197112343,606.7261687413554,599.7649082946295,606.7587551867219,599.6924765218512
2024-03-03,3,599.7413933461623,615.0785892116182,599.7649082946295,606.7587551867219,599.6924765218512
2024-03-04,3,599.7386908403948,645.0366804979253,599.7649082946295,606.7587551867219,599.6924765218512
2024-03-05,3,599.737076396566,660.4054771784232,599.7649082946295,606.7587551867219,599.6924765218512
2024-03-06,3,599.7323123384357,646.484204702628,599.7649082946295,606.7587551867219,599.6924765218512
2024-03-07,3,599.7253812340613,645.5932226832642,599.7649082946295,606.7587551867219,599.6924765218512
2024-03-08,3,599.7200765062864,637.9088243430152,599.7649082946295,606.7587551867219,599.6924765218512
2024-03-09,3,599.7179125319266,647.1522268326418,599.7649082946295,606.7587551867219,599.6924765218512
2024-03-10,3,599.7157419815262,629.1113416320885,599.7649082946295,606.7587551867219,599.6924765218512
2024-03-11,3,599.7125195991921,617.4179529737206,599.7649082946295,606.7587551867219,599.6924765218512
2024-03-12,3,599.7092461791276,591.8032918395575,599.7649082946295,606.7587551867219,599.6924765218512
2024-03-13,3,599.7051477190702,612.4065006915629,599.7649082946295,606.7587551867219,599.6924765218512
2024-03-14,3,599.6990709390825,618.3089349930843,599.7649082946295,606.7587551867219,599.6924765218512
2024-03-15,3,599.6961557453241,610.5130567081604,599.7649082946295,606.7587551867219,599.6924765218512
2024-03-16,3,599.6941693813468,599.2647302904564,599.7649082946295,606.7587551867219,599.6924765218512
2024-03-17,3,599.6922709798698,595.2557399723374,599.7649082946295,606.7587551867219,599.6924765218512
2024-03-18,3,599.6895122799756,604.2761825726141,599.7649082946295,606.7587551867219,599.6924765218512
2024-03-19,3,599.6848946199763,586.1238174273859,599.7649082946295,606.7587551867219,599.6924765218512
2024-03-20,3,599.6777565724125,599.4876901798063,599.7649082946295,606.7587551867219,599.6924765218512
2024-03-21,3,599.6720777579467,571.3115629322268,599.7649082946295,606.7587551867219,599.6924765218512
2024-03-22,3,599.6685743164322,564.9640663900415,599.7649082946295,606.7587551867219,599.6924765218512
2024-03-23,3,599.6664470029931,592.5827939142462,599.7649082946295,606.7587551867219,599.6924765218512
2024-03-24,3,599.6640102167227,600.7122544951591,599.7649082946295,606.7587551867219,599.6924765218512
2024-03-25,3,599.6599180969113,608.7310926694329,599.7649082946295,606.7587551867219,599.6924765218512
2024-03-26,3,599.6539615431022,609.3991147994468,599.7649082946295,606.7587551867219,599.6924765218512
2024-03-27,3,599.6477499364947,572.5369847856155,599.7649082946295,606.7587551867219,599.6924765218512
2024-03-28,3,599.642900839912,576.2115352697095,599.7649082946295,606.7587551867219,599.6924765218512
2024-03-29,3,599.6401639330937,569.4189764868603,599.7649082946295,606.7587551867219,599.6924765218512
2024-03-30,3,599.6386850791346,568.4165145228216,599.7649082946295,606.7587551867219,599.6924765218512
2024-03-31,3,599.6341627609188,570.3091009681881,599.7649082946295,606.7587551867219,599.6924765218512
2024-04-01,4,611.3827560465129,627.2745535714287,611.5167009003521,604.0370535714287,611.3994707469169
2024-04-02,4,611.3779044564419,631.1575255102042,611.5167009003521,604.0370535714287,611.3994707469169
2024-04-03,4,611.3726855114055,624.8466198979593,611.5167009003521,604.0370535714287,611.3994707469169
2024-04-04,4,611.3685009677926,608.3427933673471,611.5167009003521,604.0370535714287,611.3994707469169
2024-04-05,4,611.3654286143179,609.435267857143,611.5167009003521,604.0370535714287,611.3994707469169
2024-04-06,4,611.3667769001172,622.6626275510205,611.5167009003521,604.0370535714287,611.3994707469169
2024-04-07,4,611.3614153429475,635.7684948979593,611.5167009003521,604.0370535714287,611.3994707469169
2024-04-08,4,611.359801205685,639.4094387755104,611.5167009003521,604.0370535714287,611.3994707469169
2024-04-09,4,611.362210162004,630.0650510204083,611.5167009003521,604.0370535714287,611.3994707469169
2024-04-10,4,611.3640399147256,623.5121173469389,611.5167009003521,604.0370535714287,611.3994707469169
2024-04-11,4,611.3652513570373,602.3963647959184,611.5167009003521,604.0370535714287,611.3994707469169
2024-04-12,4,611.3682604501407,590.201211734694,611.5167009003521,604.0370535714287,611.3994707469169
2024-04-13,4,611.3739587676605,578.0051020408164,611.5167009003521,604.0370535714287,611.3994707469169
2024-04-14,4,611.3833321665671,594.7519132653063,611.5167009003521,604.0370535714287,611.3994707469169
2024-04-15,4,611.3902262620882,587.7130102040818,611.5167009003521,604.0370535714287,611.3994707469169
2024-04-16,4,611.3938297997878,599.9693877551022,611.5167009003521,604.0370535714287,611.3994707469169
2024-04-17,4,611.3981079234998,608.4642857142858,611.5167009003521,604.0370535714287,611.3994707469169
2024-04-18,4,611.401822032873,585.6495535714287,611.5167009003521,604.0370535714287,611.3994707469169
2024-04-19,4,611.4059481228221,591.8389668367348,611.5167009003521,604.0370535714287,611.3994707469169
2024-04-20,4,611.4122860849669,607.1297831632654,611.5167009003521,604.0370535714287,611.3994707469169
2024-04-21,4,611.4186457116913,595.4799107142858,611.5167009003521,604.0370535714287,611.3994707469169
2024-04-22,4,611.4254359178223,600.090880102041,611.5167009003521,604.0370535714287,611.3994707469169
2024-04-23,4,611.4296899609451,602.8823341836736,611.5167009003521,604.0370535714287,611.3994707469169
2024-04-24,4,611.4336228955253,594.6304209183675,611.5167009003521,604.0370535714287,611.3994707469169
2024-04-25,4,611.4369605004808,594.7519132653063,611.5167009003521,604.0370535714287,611.3994707469169
2024-04-26,4,611.4409791157603,595.1154336734695,611.5167009003521,604.0370535714287,611.3994707469169
2024-04-27,4,611.4457669297723,594.0229591836736,611.5167009003521,604.0370535714287,611.3994707469169
2024-04-28,4,611.4543072333314,587.106505102041,611.5167009003521,604.0370535714287,611.3994707469169
2024-04-29,4,611.4596742330523,598.8778698979593,611.5167009003521,604.0370535714287,611.3994707469169
2024-04-30,4,611.4644978197321,559.5593112244899,611.5167009003521,604.0370535714287,611.3994707469169
2024-05-01,5,608.820341257679,567.357370772176,608.8687321714749,615.6954371410336,608.8563113665892
2024-05-02,5,608.8220792168714,574.1182195277598,608.8687321714749,615.6954371410336,608.8563113665892
2024-05-03,5,608.8271960045658,585.4281748564133,608.8687321714749,615.6954371410336,608.8563113665892
2024-05-04,5,608.830352164731,609.0906509253349,608.8687321714749,615.6954371410336,608.8563113665892
2024-05-05,5,608.8366322898381,629.2416400765793,608.8687321714749,615.6954371410336,608.8563113665892
2024-05-06,5,608.8431998646006,621.1810465858326,608.8687321714749,615.6954371410336,608.8563113665892
2024-05-07,5,608.8475212495373,629.7619336311421,608.8687321714749,615.6954371410336,608.8563113665892
2024-05-08,5,608.8495965576419,615.8505105296744,608.8687321714749,615.6954371410336,608.8563113665892
2024-05-09,5,608.8522704249663,611.9502871729418,608.8687321714749,615.6954371410336,608.8563113665892
2024-05-10,5,608.8559813588553,595.1792278238671,608.8687321714749,615.6954371410336,608.8563113665892
2024-05-11,5,608.8645986417381,624.5609763880024,608.8687321714749,615.6954371410336,608.8563113665892
2024-05-12,5,608.8665079738647,637.5623803446074,608.8687321714749,615.6954371410336,608.8563113665892
2024-05-13,5,608.8687321714749,626.7717294192723,608.8687321714749,615.6954371410336,608.8563113665892
2024-05-14,5,608.8687321714748,607.2696234843648,608.8687321714749,615.6954371410336,608.8563113665892
2024-05-15,5,608.8687321714749,616.6309508615186,608.8687321714749,615.6954371410336,608.8563113665892
2024-05-16,5,608.8687321714749,616.7605296745371,608.8687321714749,615.6954371410336,608.8563113665892
2024-05-17,5,608.8687321714749,606.6197511167835,608.8687321714749,615.6954371410336,608.8563113665892
2024-05-18,5,608.8687321714749,608.6999361837906,608.8687321714749,615.6954371410336,608.8563113665892
2024-05-19,5,608.8687321714749,612.2104339502232,608.8687321714749,615.6954371410336,608.8563113665892
2024-05-20,5,608.8687321714749,627.2910338225907,608.8687321714749,615.6954371410336,608.8563113665892
2024-05-21,5,608.8662277096222,631.7115507338863,608.8687321714749,615.6954371410336,608.8563113665892
2024-05-22,5,608.8586875285594,626.1208679004466,608.8687321714749,615.6954371410336,608.8563113665892
2024-05-23,5,608.854005093524,640.0322910019142,608.8687321714749,615.6954371410336,608.8563113665892
2024-05-24,5,608.8550286021281,647.703158902361,608.8687321714749,615.6954371410336,608.8563113665892
2024-05-25,5,608.8567416301695,633.5315890236118,608.8687321714749,615.6954371410336,608.8563113665892
2024-05-26,5,608.8573287533613,611.6901403956604,608.8687321714749,615.6954371410336,608.8563113665892
2024-05-27,5,608.8638675172101,621.5707721761326,608.8687321714749,615.6954371410336,608.8563113665892
2024-05-28,5,608.8687321714749,617.8011167836629,608.8687321714749,615.6954371410336,608.8563113665892
2024-05-29,5,608.8687321714749,603.3694001276323,608.8687321714749,615.6954371410336,608.8563113665892
2024-05-30,5,608.8687321714749,612.6001595405231,608.8687321714749,615.6954371410336,608.8563113665892
2024-05-31,5,608.8614346385807,616.8910976388,608.8687321714749,615.6954371410336,608.8563113665892
2024-06-01,6,640.5787078514576,603.362068965517,640.5869625662815,638.2358677218765,640.5840342824449
2024-06-02,6,640.5808524433992,604.382136800452,640.5869625662815,638.2358677218765,640.5840342824449
2024-06-03,6,640.5812029669886,613.5686828716787,640.5869625662815,638.2358677218765,640.5840342824449
2024-06-04,6,640.5869625662814,620.9686263425663,640.5869625662815,638.2358677218765,640.5840342824449
2024-06-05,6,640.5869625662815,612.6758055398528,640.5869625662815,638.2358677218765,640.5840342824449
2024-06-06,6,640.5869625662815,614.462408140192,640.5869625662815,638.2358677218765,640.5840342824449
2024-06-07,6,640.5834456902297,613.9519502543808,640.5869625662815,638.2358677218765,640.5840342824449
2024-06-08,6,640.5750147754958,610.7620124364046,640.5869625662815,638.2358677218765,640.5840342824449
2024-06-09,6,640.577558147549,611.2724703222158,640.5869625662815,638.2358677218765,640.5840342824449
2024-06-10,6,640.5787965538067,593.53787450537,640.5869625662815,638.2358677218765,640.5840342824449
2024-06-11,6,640.5869625662815,625.5618993781795,640.5869625662815,638.2358677218765,640.5840342824449
2024-06-12,6,640.5869625662815,650.6972866026001,640.5869625662815,638.2358677218765,640.5840342824449
2024-06-13,6,640.5866996204691,661.6695873374786,640.5869625662815,638.2358677218765,640.5840342824449
2024-06-14,6,640.5869625662815,667.7933860938381,640.5869625662815,638.2358677218765,640.5840342824449
2024-06-15,6,640.5853997976884,677.8728094968907,640.5869625662815,638.2358677218765,640.5840342824449
2024-06-16,6,640.5866857542015,659.7557942340303,640.5869625662815,638.2358677218765,640.5840342824449
2024-06-17,6,640.5869625662815,658.0972300734876,640.5869625662815,638.2358677218765,640.5840342824449
2024-06-18,6,640.5859864478484,663.4553420011304,640.5869625662815,638.2358677218765,640.5840342824449
2024-06-19,6,640.5834810658724,648.6554550593554,640.5869625662815,638.2358677218765,640.5840342824449
2024-06-20,6,640.5824547731517,664.8595251554549,640.5869625662815,638.2358677218765,640.5840342824449
2024-06-21,6,640.5850376296777,679.2761447145277,640.5869625662815,638.2358677218765,640.5840342824449
2024-06-22,6,640.5869625662815,629.8999434708873,640.5869625662815,638.2358677218765,640.5840342824449
2024-06-23,6,640.5869625662815,621.3518937252683,640.5869625662815,638.2358677218765,640.5840342824449
2024-06-24,6,640.5866093747425,654.5248728094966,640.5869625662815,638.2358677218765,640.5840342824449
2024-06-25,6,640.5834506253084,654.1416054267946,640.5869625662815,638.2358677218765,640.5840342824449
2024-06-26,6,640.5826459245213,643.4245336348217,640.5869625662815,638.2358677218765,640.5840342824449
2024-06-27,6,640.5817227146713,630.5375918598075,640.5869625662815,638.2358677218765,640.5840342824449
2024-06-28,6,640.5817190240967,642.2764273600902,640.5869625662815,638.2358677218765,640.5840342824449
2024-06-29,6,640.5849718385393,652.3558507631428,640.5869625662815,638.2358677218765,640.5840342824449
2024-06-30,6,640.585922357099,661.9248162803842,640.5869625662815,638.2358677218765,640.5840342824449
2024-07-01,7,657.1031001104222,635.6596464258268,657.1066008169237,673.4978221880609,657.1037232597581
2024-07-02,7,657.1022242005993,628.3969254419683,657.1066008169237,673.4978221880609,657.1037232597581
2024-07-03,7,657.1014612108464,614.6784524724576,657.1066008169237,673.4978221880609,657.1037232597581
2024-07-04,7,657.1005914616997,642.5760696899825,657.1066008169237,673.4978221880609,657.1037232597581
2024-07-05,7,657.1013347212256,646.7268767614661,657.1066008169237,673.4978221880609,657.1037232597581
2024-07-06,7,657.1048841877523,643.3830386881891,657.1066008169237,673.4978221880609,657.1037232597581
2024-07-07,7,657.1059745828118,653.2977965667441,657.1066008169237,673.4978221880609,657.1037232597581
2024-07-08,7,657.1035787020442,666.0941327184223,657.1066008169237,673.4978221880609,657.1037232597581
2024-07-09,7,657.1017397119301,650.3002562131699,657.1066008169237,673.4978221880609,657.1037232597581
2024-07-10,7,657.101600419182,653.1826287471181,657.1066008169237,673.4978221880609,657.1037232597581
2024-07-11,7,657.1002203034191,651.3375608506283,657.1066008169237,673.4978221880609,657.1037232597581
2024-07-12,7,657.099933071773,667.3617729951325,657.1066008169237,673.4978221880609,657.1037232597581
2024-07-13,7,657.1046966057328,670.3593133487067,657.1066008169237,673.4978221880609,657.1037232597581
2024-07-14,7,657.1056605444691,650.5305918524217,657.1066008169237,673.4978221880609,657.1037232597581
2024-07-15,7,657.1025230219233,644.0748398667697,657.1066008169237,673.4978221880609,657.1037232597581
2024-07-16,7,657.1025599049559,654.9117345631571,657.1066008169237,673.4978221880609,657.1037232597581
2024-07-17,7,657.1030628201303,666.9003074558037,657.1066008169237,673.4978221880609,657.1037232597581
2024-07-18,7,657.1013012584394,684.3081219574692,657.1066008169237,673.4978221880609,657.1037232597581
2024-07-19,7,657.1011147996142,691.5708429413278,657.1066008169237,673.4978221880609,657.1037232597581
2024-07-20,7,657.1059059734855,690.4183704842435,657.1066008169237,673.4978221880609,657.1037232597581
2024-07-21,7,657.1071021794256,699.9860363822706,657.1066008169237,673.4978221880609,657.1037232597581
2024-07-22,7,657.1038162976957,722.350832692801,657.1066008169237,673.4978221880609,657.1037232597581
2024-07-23,7,657.1041382340164,738.4902126569311,657.1066008169237,673.4978221880609,657.1037232597581
2024-07-24,7,657.1046135164644,743.793492185499,657.1066008169237,673.4978221880609,657.1037232597581
2024-07-25,7,657.102775468511,723.8496028695881,657.1066008169237,673.4978221880609,657.1037232597581
2024-07-26,7,657.103166424365,701.7159364591346,657.1066008169237,673.4978221880609,657.1037232597581
2024-07-27,7,657.108284772137,676.8150653343587,657.1066008169237,673.4978221880609,657.1037232597581
2024-07-28,7,657.1097061926308,677.5068665129393,657.1066008169237,673.4978221880609,657.1037232597581
2024-07-29,7,657.1066914806935,692.9544452984888,657.1066008169237,673.4978221880609,657.1037232597581
2024-07-30,7,657.1056308757486,697.9114271073539,657.1066008169237,673.4978221880609,657.1037232597581
2024-07-31,7,657.1060279983581,696.9892902895215,657.1066008169237,673.4978221880609,657.1037232597581
2024-08-01,8,660.7072782153701,643.7195255474454,660.7098939283824,651.1646506777896,660.7114008648591
2024-08-02,8,660.7100980310087,655.7712200208553,660.7098939283824,651.1646506777896,660.7114008648591
2024-08-03,8,660.7152180486727,660.550521376434,660.7098939283824,651.1646506777896,660.7114008648591
2024-08-04,8,660.71534362761,645.4861053180398,660.7098939283824,651.1646506777896,660.7114008648591
2024-08-05,8,660.7141117706796,652.3423096976019,660.7098939283824,651.1646506777896,660.7114008648591
2024-08-06,8,660.7106793492217,658.5762513034413,660.7098939283824,651.1646506777896,660.7114008648591
2024-08-07,8,660.7107306790757,663.1478623566217,660.7098939283824,651.1646506777896,660.7114008648591
2024-08-08,8,660.7084275155715,660.8616527632953,660.7098939283824,651.1646506777896,660.7114008648591
2024-08-09,8,660.7136979576769,642.6285453597499,660.7098939283824,651.1646506777896,660.7114008648591
2024-08-10,8,660.7162942974965,624.3954379562045,660.7098939283824,651.1646506777896,660.7114008648591
2024-08-11,8,660.7162348871921,619.2007559958291,660.7098939283824,651.1646506777896,660.7114008648591
2024-08-12,8,660.7154960012319,644.2391553701774,660.7098939283824,651.1646506777896,660.7114008648591
2024-08-13,8,660.7143549610238,663.978623566215,660.7098939283824,651.1646506777896,660.7114008648591
2024-08-14,8,660.7126793140922,670.3160062565174,660.7098939283824,651.1646506777896,660.7114008648591
2024-08-15,8,660.7132012912896,667.1990354535976,660.7098939283824,651.1646506777896,660.7114008648591
2024-08-16,8,660.7165194760743,663.978623566215,660.7098939283824,651.1646506777896,660.7114008648591
2024-08-17,8,660.7102384113011,661.0693430656936,660.7098939283824,651.1646506777896,660.7114008648591
2024-08-18,8,660.7085208878126,648.0834462982275,660.7098939283824,651.1646506777896,660.7114008648591
2024-08-19,8,660.7169207980611,637.485583941606,660.7098939283824,651.1646506777896,660.7114008648591
2024-08-20,8,660.7161420848793,641.6418143899897,660.7098939283824,651.1646506777896,660.7114008648591
2024-08-21,8,660.7159144059596,650.9919186652764,660.7098939283824,651.1646506777896,660.7114008648591
2024-08-22,8,660.716596251274,662.835922836288,660.7098939283824,651.1646506777896,660.7114008648591
2024-08-23,8,660.7127574795182,673.2252867570387,660.7098939283824,651.1646506777896,660.7114008648591
2024-08-24,8,660.6976065767237,668.0306047966634,660.7098939283824,651.1646506777896,660.7114008648591
2024-08-25,8,660.6994491960112,664.60169447341,660.7098939283824,651.1646506777896,660.7114008648591
2024-08-26,8,660.7026782095238,653.7969499478626,660.7098939283824,651.1646506777896,660.7114008648591
2024-08-27,8,660.7173871570542,642.1614442127218,660.7098939283824,651.1646506777896,660.7114008648591
2024-08-28,8,660.7167201616098,628.7593587069866,660.7098939283824,651.1646506777896,660.7114008648591
2024-08-29,8,660.7143202706385,643.7195255474454,660.7098939283824,651.1646506777896,660.7114008648591
2024-08-30,8,660.6984912650715,641.7452554744527,660.7098939283824,651.1646506777896,660.7114008648591
2024-08-31,8,660.6993182319069,631.5643899895726,660.7098939283824,651.1646506777896,660.7114008648591
2024-09-01,9,648.5907927487523,666.0601256356562,648.5976235791842,622.8484893807953,648.587784716026
2024-09-02,9,648.5908916247304,655.2967394555784,648.5976235791842,622.8484893807953,648.587784716026
2024-09-03,9,648.58762367943,649.0705952737059,648.5976235791842,622.8484893807953,648.587784716026
2024-09-04,9,648.5900745784214,649.8100508525273,648.5976235791842,622.8484893807953,648.587784716026
2024-09-05,9,648.5828456446009,650.4427161232422,648.5976235791842,622.8484893807953,648.587784716026
2024-09-06,9,648.5797660972652,645.271911456775,648.5976235791842,622.8484893807953,648.587784716026
2024-09-07,9,648.5827199755684,645.4827998803466,648.5976235791842,622.8484893807953,648.587784716026
2024-09-08,9,648.5855433871825,646.3272509721803,648.5976235791842,622.8484893807953,648.587784716026
2024-09-09,9,648.595098291614,648.0161531558476,648.5976235791842,622.8484893807953,648.587784716026
2024-09-10,9,648.5976235791842,656.1411905474122,648.5976235791842,622.8484893807953,648.587784716026
2024-09-11,9,648.5976235791842,651.0762787915043,648.5976235791842,622.8484893807953,648.587784716026
2024-09-12,9,648.5976235791842,638.3072090936281,648.5976235791842,622.8484893807953,648.587784716026
2024-09-13,9,648.5976235791843,644.2165719413697,648.5976235791842,622.8484893807953,648.587784716026
2024-09-14,9,648.5976235791843,663.6335626682617,648.5976235791842,622.8484893807953,648.587784716026
2024-09-15,9,648.5976235791841,620.8967992820816,648.5976235791842,622.8484893807953,648.587784716026
2024-09-16,9,648.5976235791842,601.3748130421774,648.5976235791842,622.8484893807953,648.587784716026
2024-09-17,9,648.5976235791842,582.8022734071191,648.5976235791842,622.8484893807953,648.587784716026
2024-09-18,9,648.5976235791841,630.3930601256353,648.5976235791842,622.8484893807953,648.587784716026
2024-09-19,9,648.5969730642943,635.8806461262336,648.5976235791842,622.8484893807953,648.587784716026
2024-09-20,9,648.593076951199,630.3930601256353,648.5976235791842,622.8484893807953,648.587784716026
2024-09-21,9,648.5915140784685,602.1133712234516,648.5976235791842,622.8484893807953,648.587784716026
2024-09-22,9,648.5905174978826,567.184863894705,648.5976235791842,622.8484893807953,648.587784716026
2024-09-23,9,648.5893898766153,581.0083757104394,648.5976235791842,622.8484893807953,648.587784716026
2024-09-24,9,648.5844240016444,588.9225246784322,648.5976235791842,622.8484893807953,648.587784716026
2024-09-25,9,648.5798613471559,610.238408615016,648.5976235791842,622.8484893807953,648.587784716026
2024-09-26,9,648.574954088579,609.0780735865985,648.5976235791842,622.8484893807953,648.587784716026
2024-09-27,9,648.5706407135988,593.0379898294941,648.5976235791842,622.8484893807953,648.587784716026
2024-09-28,9,648.5677355928945,580.6924917738555,648.5976235791842,622.8484893807953,648.587784716026
2024-09-29,9,648.5672947007264,573.4110080765776,648.5976235791842,622.8484893807953,648.587784716026
2024-09-30,9,648.563191327497,568.8737660783723,648.5976235791842,622.8484893807953,648.587784716026
2024-10-01,10,635.8426341879562,554.2474640867781,635.8813991065316,592.8020521841103,635.773484567794
2024-10-02,10,635.8316837424621,546.3452360011728,635.8813991065316,592.8020521841103,635.773484567794
2024-10-03,10,635.8271666395956,543.6323951920259,635.8813991065316,592.8020521841103,635.773484567794
2024-10-04,10,635.8222841904012,562.3859865142188,635.8813991065316,592.8020521841103,635.773484567794
2024-10-05,10,635.8154041883595,605.4379067722076,635.8813991065316,592.8020521841103,635.773484567794
2024-10-06,10,635.8129845180055,647.192025798886,635.8813991065316,592.8020521841103,635.773484567794
2024-10-07,10,635.8086780043055,635.3973028437409,635.8813991065316,592.8020521841103,635.773484567794
2024-10-08,10,635.804569871251,623.0127528583994,635.8813991065316,592.8020521841103,635.773484567794
2024-10-09,10,635.7989630205527,597.5347698622106,635.8813991065316,592.8020521841103,635.773484567794
2024-10-10,10,635.7931388856252,593.0533567868661,635.8813991065316,592.8020521841103,635.773484567794
2024-10-11,10,635.7880384281866,606.1458809733217,635.8813991065316,592.8020521841103,635.773484567794
2024-10-12,10,635.7862941381526,598.5971855760774,635.8813991065316,592.8020521841103,635.773484567794
2024-10-13,10,635.7803742559149,597.299384344767,635.8813991065316,592.8020521841103,635.773484567794
2024-10-14,10,635.7771530524411,595.1763705658166,635.8813991065316,592.8020521841103,635.773484567794
2024-10-15,10,635.7727170599129,613.5764291996483,635.8813991065316,592.8020521841103,635.773484567794
2024-10-16,10,635.766964613902,606.852946350044,635.8813991065316,592.8020521841103,635.773484567794
2024-10-17,10,635.7607385244212,622.422925828203,635.8813991065316,592.8020521841103,635.773484567794
2024-10-18,10,635.7548495961316,594.1148636763413,635.8813991065316,592.8020521841103,635.773484567794
2024-10-19,10,635.7498328689295,561.91430665494,635.8813991065316,592.8020521841103,635.773484567794
2024-10-20,10,635.7457991141996,565.2169744942832,635.8813991065316,592.8020521841103,635.773484567794
2024-10-21,10,635.7433362911431,598.832571093521,635.8813991065316,592.8020521841103,635.773484567794
2024-10-22,10,635.7409358347517,606.6175608326005,635.8813991065316,592.8020521841103,635.773484567794
2024-10-23,10,635.7373996682381,588.4528877162123,635.8813991065316,592.8020521841103,635.773484567794
2024-10-24,10,635.7335507178,589.6325417766052,635.8813991065316,592.8020521841103,635.773484567794
2024-10-25,10,635.7307745467335,576.0683377308708,635.8813991065316,592.8020521841103,635.773484567794
2024-10-26,10,635.7349676680673,599.4223981237175,635.8813991065316,592.8020521841103,635.773484567794
2024-10-27,10,635.7392758145608,585.3865142187043,635.8813991065316,592.8020521841103,635.773484567794
2024-10-28,10,635.7424119736028,588.4528877162123,635.8813991065316,592.8020521841103,635.773484567794
2024-10-29,10,635.7437614246095,586.0944884198183,635.8813991065316,592.8020521841103,635.773484567794
2024-10-30,10,635.7447314102646,598.124596892407,635.8813991065316,592.8020521841103,635.773484567794
2024-10-31,10,635.7466073511321,590.2223688068016,635.8813991065316,592.8020521841103,635.773484567794
2024-11-01,11,605.937891531428,584.2123125493292,606.0628504729953,618.5972375690609,605.9916283817251
2024-11-02,11,605.9330722817575,575.785319652723,606.0628504729953,618.5972375690609,605.9916283817251
2024-11-03,11,605.9388569594264,566.5611681136544,606.0628504729953,618.5972375690609,605.9916283817251
2024-11-04,11,605.9432256754379,569.5217048145226,606.0628504729953,618.5972375690609,605.9916283817251
2024-11-05,11,605.9433168232996,581.1381215469614,606.0628504729953,618.5972375690609,605.9916283817251
2024-11-06,11,605.94789373982,592.0702446724547,606.0628504729953,618.5972375690609,605.9916283817251
2024-11-07,11,605.9487463482661,584.7821625887925,606.0628504729953,618.5972375690609,605.9916283817251
2024-11-08,11,605.9549656535071,581.9352801894239,606.0628504729953,618.5972375690609,605.9916283817251
2024-11-09,11,605.9615581388235,576.5824782951856,606.0628504729953,618.5972375690609,605.9916283817251
2024-11-10,11,605.9683628769067,577.8350434096292,606.0628504729953,618.5972375690609,605.9916283817251
2024-11-11,11,605.9734070238944,588.0844514601422,606.0628504729953,618.5972375690609,605.9916283817251
2024-11-12,11,605.9777360155265,621.4522494080506,606.0628504729953,618.5972375690609,605.9916283817251
2024-11-13,11,605.9812109077583,624.184688239937,606.0628504729953,618.5972375690609,605.9916283817251
2024-11-14,11,605.9866112165832,630.2209944751382,606.0628504729953,618.5972375690609,605.9916283817251
2024-11-15,11,605.9875716433718,612.0000000000001,606.0628504729953,618.5972375690609,605.9916283817251
2024-11-16,11,605.9952615829674,610.1775848460933,606.0628504729953,618.5972375690609,605.9916283817251
2024-11-17,11,606.0012398749979,608.1278610891871,606.0628504729953,618.5972375690609,605.9916283817251
2024-11-18,11,606.008473811843,639.1033938437255,606.0628504729953,618.5972375690609,605.9916283817251
2024-11-19,11,606.0112980311889,652.4277821625889,606.0628504729953,618.5972375690609,605.9916283817251
2024-11-20,11,606.0139020290276,663.8161010260459,606.0628504729953,618.5972375690609,605.9916283817251
2024-11-21,11,606.0175323582276,664.1570639305447,606.0628504729953,618.5972375690609,605.9916283817251
2024-11-22,11,606.0192044973089,665.0686661404894,606.0628504729953,618.5972375690609,605.9916283817251
2024-11-23,11,606.0216445806354,645.1389108129441,606.0628504729953,618.5972375690609,605.9916283817251
2024-11-24,11,606.0277470831481,661.1965272296766,606.0628504729953,618.5972375690609,605.9916283817251
2024-11-25,11,606.0345553007403,668.8263614838202,606.0628504729953,618.5972375690609,605.9916283817251
2024-11-26,11,606.0365869254215,637.5090765588004,606.0628504729953,618.5972375690609,605.9916283817251
2024-11-27,11,606.0391194793851,633.0678768745069,606.0628504729953,618.5972375690609,605.9916283817251
2024-11-28,11,606.0429193350851,636.7119179163379,606.0628504729953,618.5972375690609,605.9916283817251
2024-11-29,11,606.0478386932908,649.9218626677191,606.0628504729953,618.5972375690609,605.9916283817251
2024-11-30,11,606.0471010326805,656.2999210734018,606.0628504729953,618.5972375690609,605.9916283817251
2024-12-01,12,616.4158555520557,561.5585416666667,616.4240734586544,617.5346527777778,616.4563419433787
2024-12-02,12,616.4218835347718,573.883912037037,616.4240734586544,617.5346527777778,616.4563419433787
2024-12-03,12,616.4236363332316,578.5188425925926,616.4240734586544,617.5346527777778,616.4563419433787
2024-12-04,12,616.4259260680404,586.3083101851852,616.4240734586544,617.5346527777778,616.4563419433787
2024-12-05,12,616.4297108466244,581.6740972222223,616.4240734586544,617.5346527777778,616.4563419433787
2024-12-06,12,616.4348089169584,605.1422453703705,616.4240734586544,617.5346527777778,616.4563419433787
2024-12-07,12,616.4385572485047,599.1273842592593,616.4240734586544,617.5346527777778,616.4563419433787
2024-12-08,12,616.4448664924967,606.0299074074074,616.4240734586544,617.5346527777778,616.4563419433787
2024-12-09,12,616.4474814429094,631.3709722222222,616.4240734586544,617.5346527777778,616.4563419433787
2024-12-10,12,616.4488472201789,646.6549768518519,616.4240734586544,617.5346527777778,616.4563419433787
2024-12-11,12,616.4507734419713,631.0753240740742,616.4240734586544,617.5346527777778,616.4563419433787
2024-12-12,12,616.4544059146081,644.2883564814815,616.4240734586544,617.5346527777778,616.4563419433787
2024-12-13,12,616.4595012419346,622.0035185185186,616.4240734586544,617.5346527777778,616.4563419433787
2024-12-14,12,616.4632202621472,589.8582407407408,616.4240734586544,617.5346527777778,616.4563419433787
2024-12-15,12,616.4652027288075,612.0447685185186,616.4240734586544,617.5346527777778,616.4563419433787
2024-12-16,12,616.4650999406807,636.991875,616.4240734586544,617.5346527777778,616.4563419433787
2024-12-17,12,616.4636885196743,640.738425925926,616.4240734586544,617.5346527777778,616.4563419433787
2024-12-18,12,616.462934944424,634.3296064814815,616.4240734586544,617.5346527777778,616.4563419433787
2024-12-19,12,616.4641194397241,649.2189351851853,616.4240734586544,617.5346527777778,616.4563419433787
2024-12-20,12,616.4669216418778,637.0901851851852,616.4240734586544,617.5346527777778,616.4563419433787
2024-12-21,12,616.4700276907358,605.4378935185185,616.4240734586544,617.5346527777778,616.4563419433787
2024-12-22,12,616.4718877990191,626.7367592592593,616.4240734586544,617.5346527777778,616.4563419433787
2024-12-23,12,616.4715480227507,646.5566666666667,616.4240734586544,617.5346527777778,616.4563419433787
2024-12-24,12,616.4698336159194,645.9646527777778,616.4240734586544,617.5346527777778,616.4563419433787
2024-12-25,12,616.4688190291157,637.0901851851852,616.4240734586544,617.5346527777778,616.4563419433787
2024-12-26,12,616.4698821999021,619.933263888889,616.4240734586544,617.5346527777778,616.4563419433787
2024-12-27,12,616.4726558080736,612.5377546296297,616.4240734586544,617.5346527777778,616.4563419433787
2024-12-28,12,616.4756805097849,613.6220370370371,616.4240734586544,617.5346527777778,616.4563419433787
2024-12-29,12,616.4773535927535,618.7499537037038,616.4240734586544,617.5346527777778,616.4563419433787
2024-12-30,12,616.4767470735302,627.6244212962963,616.4240734586544,617.5346527777778,616.4563419433787
2024-12-31,12,616.4747231715296,621.4122222222222,616.4240734586544,617.5346527777778,616.4563419433787
