month,source,h00,h01,h02,h03,h04,h05,h06,h07,h08,h09,h10,h11,h12,h13,h14,h15,h16,h17,h18,h19,h20,h21,h22,h23
1,real,1.0509822537254259,1.0515847298520267,1.047666645896862,1.0438850445666203,1.040820486918179,1.0439963529069942,1.0544715528564048,1.065618298712116,1.0398647775762855,0.9533141536780834,0.8770865299601098,0.8350030300603857,0.8211397987413835,0.8240676122479433,0.8452111404884213,0.8952894179606393,1.005747384745963,1.0922961780789937,1.0885260380583166,1.0739856166384854,1.067669248838468,1.064983291993097,1.061355608343384,1.0539871599331219
1,model,1.0188164120617267,1.0192895465384273,1.0159037651513787,1.0150531449637346,1.0232685562960635,1.0277710865346226,1.0355657433023562,1.040307926137876,1.0406106685774035,1.016102128856986,1.0003702564049024,0.9762872477321514,0.9355911026253323,0.9109337827782085,0.8957595153902737,0.8819089644437716,0.904288493772411,1.0081016176255888,1.0237248283915537,1.0422742927226736,1.0352640847748487,1.0488621813169305,1.047209351054732,1.0367353025460468
2,real,1.0189562993433474,1.020414544611764,1.0231626862029486,1.0318692942789585,1.0368104104182458,1.039913145277847,1.0440399943146026,1.0489164923885705,1.008100783274138,0.9552570758971493,0.9194586379321635,0.9002678665575489,0.8911265843066607,0.9022476604052435,0.9244448143421853,0.9517728998729716,0.9916523952546225,1.0493032918689762,1.0777108209497201,1.0593644197483028,1.041562965898365,1.030988975840611,1.0217086671397768,1.0109492738752808
2,model,1.0189026712303288,1.0215554282169346,1.0192012355611386,1.0160327571794079,1.0188443502436362,1.0353761387319456,1.0459453784132327,1.0483314094271468,1.0352063552968256,1.0067288534405245,0.986144312196916,0.9571293310559991,0.9321976471572156,0.9358965386700961,0.9242450465962037,0.9151860052343189,0.9181955508354207,0.9649636198874222,1.0031022266773213,1.0411706399262424,1.0452463453661895,1.0501737533556184,1.0395709795064945,1.02065342579342
3,real,1.0839015461757813,1.0917765982780665,1.0894653785358515,1.0881486606686082,1.0873300477022187,1.0920587313537413,1.1079937690467099,1.0907564629184483,1.0060485275720235,0.8979693951482774,0.8124720738435137,0.7845361225471315,0.7872101017834702,0.7976901207367239,0.8119947521333336,0.8297883629649528,0.8961599159758797,1.0074388471681786,1.106835128567857,1.125222348926806,1.1169397893063575,1.1077543374575418,1.0988473560406828,1.0816616251478424
3,model,1.0277556976672462,1.0313784285775192,1.0324633679963293,1.034143285718969,1.0319526315877237,1.033995042103879,1.041047920147547,1.0477435954685022,1.024869354121456,1.015031519660028,0.9920756939811293,0.9662211630006746,0.9331062505712441,0.921530299977253,0.9096005380406255,0.9134062651504816,0.9200956570604844,0.931288114719783,0.9992779502368087,1.024929696414069,1.0460182368770512,1.0425239300478253,1.0391232095083547,1.0404221513650156
4,real,1.091947328802374,1.0972613033206193,1.10021154452819,1.1052416180652924,1.1098983206968567,1.116765138411906,1.1143246582143225,1.0650821686730874,0.9739462066950028,0.8792257645690069,0.7956294250611172,0.7587837533033556,0.7306646799203799,0.7367237326280094,0.7709916844088752,0.8309611743551081,0.9232248764744067,1.033823233521083,1.1185076204941888,1.1469770585321923,1.1379088459343447,1.1274279372321034,1.1245557839452103,1.1099161422129675
4,model,1.036521757257305,1.0300777380331778,1.0329607089084012,1.0263203854304217,1.0225761260422759,1.0493870518657247,1.0608676909178056,1.0405946240765211,1.0210641983488689,1.0063804453419951,0.990524054263641,0.9614586545127667,0.9418420291062102,0.934052496240825,0.9197849682785755,0.9245119143757331,0.9196929392078005,0.9244678796227339,0.9644275862198298,1.022825187693918,1.0390885059207167,1.054494597930295,1.03863193096204,1.0374465294424167
5,real,1.0983916680221397,1.0962575169570614,1.0924217995836527,1.0959401707299294,1.1084574753298357,1.1201404722244408,1.1103948342439496,1.0521404468847064,0.9509037824675078,0.8512012917452346,0.7754191871623426,0.7545985561016307,0.7384030590513756,0.7568239013361107,0.7972068522124217,0.8545732609748766,0.9370921719600083,1.0361822078806076,1.1219412930288646,1.1559994125053514,1.1504884754432205,1.132717236891593,1.1138838313940345,1.098421095869105
5,model,1.0258610070098602,1.030012147464223,1.039372767379607,1.0363001326881223,1.048958341100907,1.0628110613992428,1.0558409274614688,1.0341722677851883,1.015542629506206,1.0169218336409964,1.0014551150434123,0.9775555789718027,0.9504778705514177,0.9205604230201468,0.9117848343090579,0.9018069451410627,0.8999548754559111,0.9187181683027936,0.9262073523845539,1.030917332570294,1.0333121982835376,1.047491202037732,1.0717687445527637,1.0421962439396937
6,real,1.087360158410608,1.088571582293101,1.090273503435198,1.0898921401402075,1.0915558008835782,1.1014060726228647,1.0869909730046254,1.0399081184010683,0.9661112248181246,0.8848701749721966,0.8258132251637582,0.800677448675384,0.7865677368486997,0.7965700989755741,0.8210824954461831,0.8769298684017994,0.933352956820699,1.0034002374877573,1.0750287196922768,1.1193840724841744,1.1238964495549788,1.1142099012562732,1.1039440457269232,1.092202994483946
6,model,1.027021242005913,1.0350000472184755,1.0403453629666612,1.039476362768829,1.0431185402199983,1.048302579279637,1.0316963043849257,1.01122682046459,0.9906527199478983,0.9915637665192333,0.9852055105748997,0.9715026644862396,0.95222863542707,0.9534547826663443,0.951304735723586,0.9533059508960281,0.9518768927526847,0.9394824065365229,0.9647773420607393,1.0189070351687601,1.0268889471196323,1.0239918779911654,1.0275446133402828,1.0211248594798839
7,real,1.0794309038045684,1.0826791334869434,1.085123475710351,1.0868081962675926,1.0911363201474318,1.0956124820111943,1.0810787394826151,1.0415277742019604,0.9791050809813645,0.9136859232460632,0.8606116416696282,0.8398195233932007,0.8240401468438554,0.8189777266455194,0.839765173771224,0.8825214544813483,0.9337187737629741,0.9993954594113414,1.0607704212592073,1.08562160647557,1.080667757004131,1.0768718487895037,1.080956854488975,1.080073582663437
7,model,1.0241975362034992,1.0188891333259804,1.0200119689027454,1.018925575964153,1.0209451453479146,1.027141826180378,1.017223041552271,0.9979608484747645,0.9863620456187697,0.98761542373302,0.9814130735289693,0.9786780796041036,0.9799935824723648,0.9741223942601775,0.954835174505771,0.965292156564626,0.9722993728489832,0.9740935561933783,0.9889374762773504,1.0108962936981998,1.0167350587377721,1.0328055500363342,1.0309479277166707,1.019677758251804
8,real,1.094888167633959,1.0955629931121258,1.0970011504649315,1.0967581816730276,1.102636794258718,1.1068101131554868,1.095345041822327,1.0336885612440139,0.9521414083573749,0.8668335093818017,0.8021045629536397,0.787150168961954,0.775109546259857,0.7839230227969349,0.8182117503754045,0.8775556342167363,0.9462218506347273,1.0323135280251814,1.1015208576458226,1.1190761652302281,1.1133155586503742,1.1075080100696846,1.1013135464508934,1.093009876624795
8,model,1.0116638268310307,1.0082303762021685,1.010929272362891,1.0102105659541083,1.0058356734002796,1.0155014438536314,1.0181222239800722,0.9978606307800015,0.9874313519435748,0.9865194295531658,0.9782945407008709,0.9696910642251669,0.9677531767183998,0.9681927519340568,0.9663020623384899,0.9714585999283142,0.9785953456880663,0.982737983071623,0.9995021106252018,1.0367415489588505,1.0464972502459333,1.0435830357986409,1.0238392679591573,1.014506466946305
9,real,1.0668999762886295,1.0682557572484361,1.0694002051392628,1.072422258208829,1.0723871747909408,1.0744597949824581,1.0808953724088506,1.0407591317044615,0.970647283209019,0.901158330100089,0.8418962647975866,0.8264137844587125,0.8136478920332912,0.8270760789190672,0.8591414846503651,0.9169800799480794,0.9924082268929542,1.0683985148426924,1.101326823623964,1.0888735025360998,1.0776531876404305,1.0703676356742955,1.0568988636780356,1.0416323762234483
9,model,1.0169551898249807,1.0140260465898705,1.0133772367502834,1.0123901107850548,1.0094925707931517,1.013760702631253,1.0216041648178178,1.0130784175703462,0.9880239914281113,0.9755260525913779,0.9669673209274227,0.9592928518406644,0.953976443292848,0.9572364462175191,0.9623246475363408,0.972202400130422,0.9818741321073224,0.9849295220543158,1.0181318989831858,1.0396441774497063,1.0443244263381073,1.0345121568923197,1.0259436924984695,1.0204053999491105
10,real,1.074328821787348,1.0713107316158395,1.0705473859833246,1.070381816142802,1.0714021949703822,1.0729565046997203,1.0768590225563046,1.0366440068198974,0.9319326311072279,0.8385777390258715,0.777635499236236,0.7662198322427428,0.7695655866785949,0.7930345854256572,0.8286034586111375,0.8946223358173149,1.01071506382941,1.120524596206448,1.1434685239559448,1.130896218532026,1.1243006473149666,1.1181109349130436,1.108957596406361,1.0984042661214002
10,model,1.0237841713815703,1.0201314034585212,1.0196943981539481,1.0176925888545498,1.015419177243555,1.0141178408528417,1.0265250090882243,1.0329302897858372,1.0096509217452974,0.982253379774002,0.9706324842406668,0.9514563291572566,0.931176710373842,0.9286988295373733,0.928111855831385,0.9361042883732861,0.9489133452254017,0.9866566743478552,1.0402316543049663,1.0533033529260922,1.0509303174804951,1.043067698915285,1.039125357421699,1.0293919215260492
11,real,1.0548353832041615,1.0551740135336092,1.0544971200023476,1.0561577964118845,1.0606849891042773,1.0679390596978642,1.073582711299749,1.0695617094129906,0.9930708056830407,0.8998203748629335,0.8344850838107768,0.8077275162099459,0.8006194551792223,0.8190930588424874,0.8615312047312612,0.9347128715319293,1.0356154592906293,1.0999004644192805,1.0912648032262422,1.0809474869563827,1.0765946918137579,1.0675223504223343,1.0594752523119166,1.0451863380409752
11,model,1.0201355712210995,1.0197643507112908,1.0190007797293152,1.020465350313833,1.0225742006640135,1.025283873311724,1.0296487507712266,1.040596466423382,1.0322530608297413,0.983280829541597,0.9554704818241627,0.9362950233635392,0.9265536948498272,0.919710932977379,0.9185118871840623,0.9263102430339891,0.9528379397764832,1.0209158623966517,1.043535060463378,1.042493227314967,1.0408603511161205,1.0395052508052525,1.0343567752886915,1.0296400360882727
12,real,1.0474366799340684,1.044071544406946,1.0396524118571395,1.032914012690899,1.0309013849090534,1.0348311343811265,1.0421771338963797,1.0564230271885844,1.0145239876617824,0.9051932547548773,0.8395137366251789,0.8118268847766127,0.8056183292838565,0.8238997083466204,0.8644940978813596,0.924114000285359,1.0448108802452938,1.1220011529969658,1.1156555452106178,1.1013816252177395,1.091256878530619,1.0819549409418432,1.0703655259642795,1.0549821220127973
12,model,1.0398867976635628,1.0386358908344036,1.0341722135229943,1.028097572267932,1.0220608291608186,1.0209992247468729,1.0293211809257503,1.045453544729361,1.05500457285665,1.0084656415632687,0.9775567664478819,0.9331821549117588,0.9045180972952445,0.8918917378185599,0.8901571744901547,0.88325849784222,0.929561414544761,1.010200712911218,1.0174953331542613,1.0323942935624069,1.0464301792831125,1.0538005204609135,1.0588594903680508,1.048596158637843
